1|89502040-3b31-40c8-b553-988c83b7cf5c|22.99|https://i.ebayimg.com/images/g/qGgAAeSwWXtqgLUE/s-l1600.jpg
3|c90ea9c8-cae8-4874-8f3b-fbfa5ee8598f|103|https://i.ebayimg.com/images/g/nT0AAeSw3yhqVsld/s-l1600.jpg
4|8ab29c05-0f8a-44af-8eb0-740c71d964d0|41.99|https://i.ebayimg.com/images/g/F2EAAeSwLrlpxpFm/s-l1600.jpg
5|90a78410-732d-42ba-a8f8-c32146817328|32|https://i.ebayimg.com/images/g/XWsAAeSwnlJqBnXr/s-l1600.jpg
13|b5afcf92-037e-4f11-9fb4-4916bcf65a7f|14|https://i.ebayimg.com/images/g/i7QAAeSw6JVqbMaw/s-l1600.jpg
17|27ffe3b4-e37f-4b1c-a60f-ff82487505cf|14|https://i.ebayimg.com/images/g/-rcAAeSweUpp~Nfm/s-l1600.jpg
18|1a71c425-c888-484f-bf76-86d6091035da|21|https://i.ebayimg.com/images/g/veIAAeSwhhhpzbE3/s-l1600.jpg
19|03911008-eeb3-467b-8c03-d89a90da5625|18.99|https://i.ebayimg.com/images/g/clIAAeSwhXFqItmb/s-l1600.jpg
20|51c43211-9159-483a-8224-b2f9e7d9759f|8|https://i.ebayimg.com/images/g/FQEAAeSwOKhqZ7Nw/s-l1600.jpg
22|a0c26e42-385b-4151-bdae-80c63c10e77e|16.8|https://i.ebayimg.com/images/g/ye8AAeSwLFFo1C28/s-l1600.jpg
23|a5014f08-d884-43f4-9622-aead37a38d8a|24|null
25|03911008-eeb3-467b-8c03-d89a90da5625|18.99|https://i.ebayimg.com/images/g/clIAAeSwhXFqItmb/s-l1600.jpg
26|ed965e4d-cd5f-45e3-b53d-38e5eab6d3e3|50|https://i.ebayimg.com/images/g/2tIAAeSwXeFqh7B6/s-l1600.jpg
27|d6e8aeff-0628-49bd-a34b-536529e089e3|25|https://i.ebayimg.com/images/g/k9MAAeSwA9FqfgbJ/s-l1600.jpg
28|a0c26e42-385b-4151-bdae-80c63c10e77e|16.8|https://i.ebayimg.com/images/g/ye8AAeSwLFFo1C28/s-l1600.jpg
30|5d2ab0a9-11ce-44ba-9831-3a36164e3fd9|48|https://i.ebayimg.com/images/g/~44AAeSw9LVoYJ3t/s-l1600.jpg
31|938cd456-78c1-4378-bcbf-70f955a9f25d|19.95|https://i.ebayimg.com/images/g/xGgAAeSwV8lpq4MF/s-l1600.jpg
34|911112ed-c28d-4c0b-92dd-16b1ab6359cc|16.49|https://i.ebayimg.com/images/g/u3IAAeSwSZxqGLAR/s-l1600.jpg
35|218d892b-c1c0-4a8b-af44-bf383592e83b|7.5|https://i.ebayimg.com/images/g/wYQAAeSwTatqnF6u/s-l1600.jpg
36|8206c336-c581-4cc3-b952-6c12b28bef9b|21.6|https://i.ebayimg.com/images/g/PUYAAOSw9wpneYiV/s-l1600.jpg
37|9ac2bdf7-0c73-4721-b194-35c1758df076|149|https://i.ebayimg.com/images/g/D34AAeSwk0Zo1zY6/s-l1600.jpg
38|6526ab00-685a-4b4e-9111-83d82554920a|29|https://i.ebayimg.com/images/g/NN8AAeSw0Kxqfec3/s-l1600.jpg
40|c87e55d9-da2b-4e62-9de2-13530d1990a3|179|https://i.ebayimg.com/images/g/A~kAAeSwIDpqof-K/s-l1600.jpg
42|9cd326a9-b48e-4f59-be51-4d1b399e51fe|5.5|https://i.ebayimg.com/images/g/G~sAAeSwu-xoPjA2/s-l1600.jpg
43|a28fd93f-6259-4f48-aa86-96b0196df4f0|17.8|https://i.ebayimg.com/images/g/tI0AAeSwpFJpipq-/s-l1600.jpg
44|c5df1710-f3b9-4b25-adda-49ea964b909b|71|https://i.ebayimg.com/images/g/Fb4AAeSw-qlqnc3N/s-l1600.jpg
45|345e9cb2-96e3-4744-b81f-06a8748b2dc3|17|https://i.ebayimg.com/images/g/-DQAAeSw0HxqnW20/s-l1600.jpg
46|c5df1710-f3b9-4b25-adda-49ea964b909b|71|https://i.ebayimg.com/images/g/Fb4AAeSw-qlqnc3N/s-l1600.jpg
47|d5d464df-0e9e-4410-8892-a00fde8c3552|6.5|https://i.ebayimg.com/images/g/rUIAAeSw3GFnujAs/s-l1600.jpg
48|345e9cb2-96e3-4744-b81f-06a8748b2dc3|17|https://i.ebayimg.com/images/g/-DQAAeSw0HxqnW20/s-l1600.jpg
49|33d41465-5d33-420c-b455-683bd55ac3bd|60|https://i.ebayimg.com/images/g/2dMAAeSwrd5qmc7T/s-l1600.jpg
50|db5dbdd3-38b4-4b1d-af15-b9a66ac246cd|21.84|https://i.ebayimg.com/images/g/DTcAAeSwK8xqXoeE/s-l1600.jpg
51|ae6181f5-f249-499e-8c8b-ef6bdfd859a5|20|https://i.ebayimg.com/images/g/5lIAAeSw0F5p6ASH/s-l1600.jpg
52|97b98c47-afb6-4fd4-9e46-def3e4b96729|25|https://i.ebayimg.com/images/g/VKwAAeSwQe1ql28q/s-l1600.jpg
53|fe042cee-9238-40bd-b6db-ef72c55fd1b8|5.49|https://i.ebayimg.com/images/g/mHsAAeSw61hqnF4y/s-l1600.jpg
54|0cc043ad-9090-4910-84f8-51a3bcb5b899|7.85|https://i.ebayimg.com/images/g/XRsAAeSwFNhqOwGd/s-l1600.jpg
55|218d892b-c1c0-4a8b-af44-bf383592e83b|7.5|https://i.ebayimg.com/images/g/wYQAAeSwTatqnF6u/s-l1600.jpg
56|f2b7019e-8ee5-4845-a0be-0eee0008dbdb|21|https://i.ebayimg.com/images/g/FPYAAeSwpfhqmy2j/s-l1600.jpg
57|c661e6a2-b339-4195-84d7-7612479d4054|47|https://i.ebayimg.com/images/g/NPsAAeSw9IdqjMuT/s-l1600.jpg
58|73f89fc5-e305-46cd-b1b2-1d29763c281e|41|https://i.ebayimg.com/images/g/ip0AAeSwkC1pEiVG/s-l1600.jpg
61|e97827d4-18fd-4b69-bd13-615097cf7139|6.42|https://i.ebayimg.com/images/g/7cwAAeSwskFqkDo9/s-l1600.jpg
62|ab10089b-e472-4ff6-8d74-534321824d91|16.15|null
63|a2e89868-313c-438c-ad28-fab3c8708da4|8|https://i.ebayimg.com/images/g/89AAAeSwRvdqkDqe/s-l1600.jpg
64|602e128d-d519-443c-9c3e-68bb296da77c|34|https://i.ebayimg.com/images/g/vwYAAeSwPdNqkDyI/s-l1600.jpg
66|88b4a349-1cf0-4e6e-b476-e2ecaa295a71|29.99|https://i.ebayimg.com/images/g/RlUAAeSwEphqj4SW/s-l1600.jpg
67|1848a6d0-2c77-4b68-a55c-9db9aa113104|34|https://i.ebayimg.com/images/g/BXsAAeSw-dlqj4fh/s-l1600.jpg
68|88b4a349-1cf0-4e6e-b476-e2ecaa295a71|29.99|https://i.ebayimg.com/images/g/RlUAAeSwEphqj4SW/s-l1600.jpg
69|8275713d-15c0-4206-b687-07b9b66d805f|7.99|https://i.ebayimg.com/images/g/o3oAAeSw-8lqkDv0/s-l1600.jpg
71|2f1aef16-9783-4625-a776-08e515ebebff|19|https://i.ebayimg.com/images/g/J6MAAeSwau1qj4WA/s-l1600.jpg
72|40eafac9-4cdd-43cd-beee-40ba50fdc9ee|11.99|https://i.ebayimg.com/images/g/IUMAAeSwLuxqYoFt/s-l1600.jpg
73|52e831c0-30db-4e82-b99d-0ce7f0ddbe0a|13.99|https://i.ebayimg.com/images/g/hbkAAeSw5B5qjNSK/s-l1600.jpg
74|c95a4f02-3c13-474f-b133-d857d50ea496|59|https://i.ebayimg.com/images/g/OaEAAeSwHQBqjfcc/s-l1600.jpg
75|cc93e3e7-1d3a-49f7-9de2-d57236bcb947|9|https://i.ebayimg.com/images/g/1ycAAeSwHOFpXE8G/s-l1600.jpg
76|a88c0dda-fa47-4d08-baeb-1c48c136bc2b|50|https://i.ebayimg.com/images/g/IqcAAeSwRvdqje5R/s-l1600.jpg
77|6fb359d4-e08d-463e-90fe-ae8565897a82|15.99|https://i.ebayimg.com/images/g/FHcAAeSwi0pqjfga/s-l1600.jpg
78|8a6c6181-6adb-4470-8e46-cc107af40e12|5|https://i.ebayimg.com/images/g/PlwAAeSwWaNqjfet/s-l1600.jpg
79|00a19a55-0398-44a6-9917-55133e857284|6|https://i.ebayimg.com/images/g/UxUAAeSwW6dqjf26/s-l1600.jpg
80|cc93e3e7-1d3a-49f7-9de2-d57236bcb947|9|https://i.ebayimg.com/images/g/1ycAAeSwHOFpXE8G/s-l1600.jpg
81|24e55ecb-e5e5-4934-8277-ae72682dd9f7|6.65|https://i.ebayimg.com/images/g/1P8AAeSwqn9qjfiS/s-l1600.jpg
82|752aff94-ce1e-4368-9b50-bf92af4b232f|75|https://i.ebayimg.com/images/g/xNoAAeSwi0pqje9J/s-l1600.jpg
83|6253a73c-6ffe-457b-9fba-a13ed883b349|47|https://i.ebayimg.com/images/g/~1UAAeSwWOBqjfEC/s-l1600.jpg
84|012f3565-11da-4bac-8590-077ba3d5a8a1|29.99|https://i.ebayimg.com/images/g/BWIAAeSwIMRqje7f/s-l1600.jpg
85|3a6866fd-0299-48c6-bf2b-0d5230deed03|23.99|https://i.ebayimg.com/images/g/RAsAAeSwWIxqje3T/s-l1600.jpg
86|8206c336-c581-4cc3-b952-6c12b28bef9b|21.6|https://i.ebayimg.com/images/g/PUYAAOSw9wpneYiV/s-l1600.jpg
87|7cc6bcad-e5f9-48c6-b7b4-97f3a6f40b6c|21|https://i.ebayimg.com/images/g/-coAAeSwy0VqfQ-i/s-l1600.jpg
88|35da2e73-e844-4f75-91fe-0986db511a99|56.58|https://i.ebayimg.com/images/g/A38AAeSwxKZqi26P/s-l1600.jpg
89|8616e02d-76ef-4a17-8047-66dfb93fc851|33|https://i.ebayimg.com/images/g/yM0AAeSwrj5qi0-b/s-l1600.jpg
91|0920aab9-0d81-420e-ab7b-02ad6052bc6a|10|https://i.ebayimg.com/images/g/G~QAAeSwRHNqi1Dw/s-l1600.jpg
92|9052aac7-f36f-49d6-9b6e-d3d8e58932ec|9|https://i.ebayimg.com/images/g/kk8AAeSwpyFqi0tm/s-l1600.jpg
96|7387db8c-0db1-4e37-bb31-9d89fb2b1beb|25|https://i.ebayimg.com/images/g/-e0AAeSwjspqi6oP/s-l1600.jpg
98|f9660508-1e2b-4611-a154-f5f06658799d|19|https://i.ebayimg.com/images/g/wAIAAeSw-3lphq0E/s-l1600.jpg
99|8527529e-8456-4efc-a91e-c2ec5d69f8b3|23|https://i.ebayimg.com/images/g/C~MAAeSw9SVqiPjb/s-l1600.jpg
100|ae6181f5-f249-499e-8c8b-ef6bdfd859a5|20|https://i.ebayimg.com/images/g/5lIAAeSw0F5p6ASH/s-l1600.jpg
101|69cdf12d-64b6-4052-96b7-1cb3a4cded71|60|https://i.ebayimg.com/images/g/u0UAAeSwS6xpAWtA/s-l1600.jpg
102|eafe95da-5f9a-48bd-a871-0f8f0025f4b2|11|https://i.ebayimg.com/images/g/vskAAeSwhthqh2id/s-l1600.jpg
103|51c43211-9159-483a-8224-b2f9e7d9759f|8|https://i.ebayimg.com/images/g/FQEAAeSwOKhqZ7Nw/s-l1600.jpg
104|3f13e5c8-d6c7-4287-a011-37bb17c78ea3|28.9|https://i.ebayimg.com/images/g/MPoAAeSw7T5p4O5G/s-l1600.jpg
105|3fa0bb3a-4e92-4306-803c-87b63af61043|22|https://i.ebayimg.com/images/g/~A4AAeSwHQBqjfB7/s-l1600.jpg
107|b9b51376-cb65-4a59-ad79-934c0f3ae9e9|24|https://i.ebayimg.com/images/g/EZEAAeSwih9pOIwS/s-l1600.jpg
108|3f13e5c8-d6c7-4287-a011-37bb17c78ea3|28.9|https://i.ebayimg.com/images/g/MPoAAeSw7T5p4O5G/s-l1600.jpg
109|19889dc2-9f1b-42db-91e1-9e146c3f32ae|17|https://i.ebayimg.com/images/g/J8cAAeSweY5qh2Ok/s-l1600.jpg
111|900f3238-31ed-4a36-a870-63ebcc39a74b|49.98|https://i.ebayimg.com/images/g/HOUAAeSw4GNp89EE/s-l1600.jpg
112|c92aea63-c6a5-439c-b7c7-271c7a5040f9|15|https://i.ebayimg.com/images/g/3J4AAeSww-hoTbjd/s-l1600.jpg
113|146ce21d-3782-4534-b65e-4596e607058d|14|https://i.ebayimg.com/images/g/fMEAAeSwlyZqhf7-/s-l1600.jpg
114|f86774d4-ed79-4058-b7b7-8382da73e999|21.99|https://i.ebayimg.com/images/g/x9MAAeSwXeFqhgDf/s-l1600.jpg
115|28e983e3-01de-466a-81e0-a401e0c7221e|46|https://i.ebayimg.com/images/g/fhUAAeSw0FZqg70n/s-l1600.jpg
116|3f13e5c8-d6c7-4287-a011-37bb17c78ea3|28.9|https://i.ebayimg.com/images/g/MPoAAeSw7T5p4O5G/s-l1600.jpg
117|d7bb70ab-e5fd-4899-9fc4-1448f208e131|34|https://i.ebayimg.com/images/g/2BkAAeSwtWFqbgnI/s-l1600.jpg
118|11dbd450-ff28-4169-9a26-01475aac548d|21|https://i.ebayimg.com/images/g/pooAAeSwUZFqgJ30/s-l1600.jpg
120|c4013993-ab41-4705-bdfb-e3e61a3e105c|64|https://i.ebayimg.com/images/g/K8sAAeSwrd5qg0AH/s-l1600.jpg
123|f6666eb6-9a22-4fab-891f-fdca5fe78216|22.8|https://i.ebayimg.com/images/g/07sAAeSwtYRqPn6h/s-l1600.jpg
124|dea46f01-443a-429f-ae7f-54b85b5abf1f|32|https://i.ebayimg.com/images/g/0roAAeSwBxloKP48/s-l1600.jpg
125|5dbc3b15-aeee-4cad-a4ea-4584ed292880|15.99|https://i.ebayimg.com/images/g/vigAAeSw8cpoM3n0/s-l1600.jpg
127|bdd75898-5ca2-457e-929f-2cae63b18847|5.7|https://i.ebayimg.com/images/g/55IAAeSw6tJqPoEB/s-l1600.jpg
129|9992c18b-da75-490e-a3cd-881a8b8a0c26|50|https://i.ebayimg.com/images/g/g7YAAeSwmnZpSGK3/s-l1600.jpg
130|af23e047-d365-4faf-abc3-135e05661158|6.99|https://i.ebayimg.com/images/g/XWEAAeSwn8tp~SFB/s-l1600.jpg
131|2f94378a-033e-4c6b-bd62-3c53b2133df6|150|https://i.ebayimg.com/images/g/TnsAAeSwBsFqPm04/s-l1600.jpg
133|6340fecd-e33b-496d-87ab-92886d409d02|52.25|https://i.ebayimg.com/images/g/~40AAeSwItloetS7/s-l1600.jpg
134|6d2f3047-ecb1-4cdf-b957-cfd00dbde6ba|130|https://i.ebayimg.com/images/g/ZHMAAeSwi0Vp2Er6/s-l1600.jpg
135|6f2cb627-a6f2-4215-8f4e-44fd6a22d253|8.39|https://i.ebayimg.com/images/g/wh8AAeSwG~Foxxyv/s-l1600.jpg
136|e7e57b43-884c-40e0-992b-613c04edcaa9|40|https://i.ebayimg.com/images/g/9CkAAeSwKnpp3TYx/s-l1600.jpg
137|2b2f94f7-fedc-4da2-8810-058bfa172986|13.57|https://i.ebayimg.com/images/g/67kAAeSwZfBpd7M8/s-l1600.jpg
139|c7b80cbe-3efb-42c0-920d-2a924eb35af4|44.65|https://i.ebayimg.com/images/g/qrIAAeSwkshptOJm/s-l1600.jpg
140|cac988c2-2cb1-496b-b626-030e0f8625b0|13.3|https://i.ebayimg.com/images/g/6foAAeSwAupo879N/s-l1600.jpg
144|5f17e22e-93cb-4e94-8321-848b71c386f2|15.39|https://i.ebayimg.com/images/g/LgYAAeSwbvhqC39U/s-l1600.jpg
146|fa2f6829-a2fa-4fc3-a16a-2d42f8cbdd27|67|https://i.ebayimg.com/images/g/z5gAAeSw-ctpRgPw/s-l1600.jpg
147|81d6c5af-68f8-4fb6-b1d0-9f1fcb129445|7|https://i.ebayimg.com/images/g/wmwAAeSwoOxoM3SA/s-l1600.jpg
148|89502040-3b31-40c8-b553-988c83b7cf5c|22.99|https://i.ebayimg.com/images/g/qGgAAeSwWXtqgLUE/s-l1600.jpg
149|aa88ed4a-0863-4d00-9056-a318122819a1|19.99|https://i.ebayimg.com/images/g/SQUAAeSw6fRqgOJk/s-l1600.jpg
150|cc93e3e7-1d3a-49f7-9de2-d57236bcb947|9|https://i.ebayimg.com/images/g/1ycAAeSwHOFpXE8G/s-l1600.jpg
151|f5ee77f5-08f8-4f0c-a0d0-ef93891d3866|23|https://i.ebayimg.com/images/g/j6kAAeSwX0ZqffPj/s-l1600.jpg
152|c1c77113-fcbb-414b-a541-968651f30d90|14|https://i.ebayimg.com/images/g/CFkAAeSwWhZqFkn5/s-l1600.jpg
153|d3bf79f0-d246-4159-a436-4d250772b393|159|https://i.ebayimg.com/images/g/UQQAAeSwtLJpCUnZ/s-l1600.jpg
154|7c4e39c6-cd3c-4b20-8948-7e52deee8339|4.99|https://i.ebayimg.com/images/g/aQMAAeSw7x5paqmS/s-l1600.jpg
155|c56b4b59-b0c5-4905-9297-4ad0053c3dc7|6.65|https://i.ebayimg.com/images/g/jjEAAeSwy2Zo~5rP/s-l1600.jpg
156|90c6aff4-188e-4d20-89ff-6904bdff8cde|18.04|https://i.ebayimg.com/images/g/vHEAAeSwkt9ptN9x/s-l1600.jpg
157|7f9681ed-015a-494d-937e-8ab344bea3d6|48|https://i.ebayimg.com/images/g/Nz4AAeSwMK1obEEJ/s-l1600.jpg
159|eb429433-1a87-4731-b27d-5b95b62ade79|46|https://i.ebayimg.com/images/g/85wAAeSwBGxqYqhd/s-l1600.jpg
160|526f6438-d016-4b6a-9a14-51d7a2dbf6c1|25|https://i.ebayimg.com/images/g/afAAAeSwxgFoB~U8/s-l1600.jpg
163|4cb491d6-9d8e-4160-8ed5-848654701daa|41.5|https://i.ebayimg.com/images/g/6BwAAeSwSZFpF72E/s-l1600.jpg
164|2b44cec0-b84d-4e41-9fa3-51bb7373b7e5|13.99|https://i.ebayimg.com/images/g/ZgsAAeSw3xhn7cXr/s-l1600.jpg
165|d5485d56-02e0-47f0-b200-9e5b45390296|45.5|https://i.ebayimg.com/images/g/9hEAAeSwLwhpc83f/s-l1600.jpg
166|2b2f94f7-fedc-4da2-8810-058bfa172986|13.57|https://i.ebayimg.com/images/g/67kAAeSwZfBpd7M8/s-l1600.jpg
167|b1b89625-637d-4b63-a7ac-06391bd003e1|95|https://i.ebayimg.com/images/g/GugAAeSwXWxoiqb7/s-l1600.jpg
169|8997f036-221c-4cdc-9910-c428db323aa8|25.65|https://i.ebayimg.com/images/g/IV0AAOSw~mBneYxS/s-l1600.jpg
170|bbd5f1f8-e2bf-4c2b-afad-ce5725d71cdc|59|https://i.ebayimg.com/images/g/2~4AAeSwBEtqcQO9/s-l1600.jpg
172|3cec493c-8ba4-4508-8a7b-dac3169e0a85|0.99|https://i.ebayimg.com/images/g/gAkAAeSwAftpD2vU/s-l1600.jpg
174|7ba92065-d28f-41e2-9f9d-4536aca0cfa7|39.99|https://i.ebayimg.com/images/g/RU4AAeSwQKZqLzKg/s-l1600.jpg
176|03df7bdc-516f-4670-9c22-73c5a5ebfa6a|11.9|https://i.ebayimg.com/images/g/xRAAAeSwCB9p87tT/s-l1600.jpg
177|0c42ef93-5227-44b6-a9b8-a893c11c517e|43|https://i.ebayimg.com/images/g/UYUAAeSwfcBo6~bn/s-l1600.jpg
178|12d50d06-da29-48c6-b4f3-b57a1bffd419|7.83|https://i.ebayimg.com/images/g/5~wAAeSwusNqVmaW/s-l1600.jpg
180|784464e6-d72a-4a87-a90d-6cb124be1a56|20.29|https://i.ebayimg.com/images/g/jBQAAeSwxOFoxKPT/s-l1600.jpg
182|27e7fae7-b89f-4323-8a6c-09ea41bb7ebb|219|https://i.ebayimg.com/images/g/H5QAAeSwZgVpvs~2/s-l1600.jpg
183|96bddc6c-bead-46fe-b345-b0b7ffd0dccd|33.59|https://i.ebayimg.com/images/g/U1MAAeSwsj1qAOKd/s-l1600.jpg
184|4acb6861-b925-4467-a4c9-25681b181f09|36.1|https://i.ebayimg.com/images/g/qD8AAeSwd4NpP07i/s-l1600.jpg
186|28f6fb7d-66d0-4d22-85c5-17c5befbae8d|12.6|https://i.ebayimg.com/images/g/PmsAAeSwEPFp9-6W/s-l1600.jpg
187|85fffddc-eb54-4b71-9891-a06ba95a0cca|21.99|https://i.ebayimg.com/images/g/SLsAAOSw6P1nllBU/s-l1600.jpg
190|bb319e91-de69-4213-8b36-678cdc565516|79|https://i.ebayimg.com/images/g/lRIAAeSwdkFpOMLb/s-l1600.jpg
191|366aab4a-6c24-4ecd-b901-d367276b868b|15.99|https://i.ebayimg.com/images/g/JDIAAeSw-FBou4n2/s-l1600.jpg
192|ba2b9298-666d-4d19-8320-f4763771d5d4|51|https://i.ebayimg.com/images/g/UYAAAeSwGuZpetYA/s-l1600.jpg
193|5a2e96f9-bdfa-4f1a-8618-89e64e7451d3|65|https://i.ebayimg.com/images/g/ekEAAeSwcyxpO42-/s-l1600.jpg
194|9992c18b-da75-490e-a3cd-881a8b8a0c26|50|https://i.ebayimg.com/images/g/g7YAAeSwmnZpSGK3/s-l1600.jpg
195|911112ed-c28d-4c0b-92dd-16b1ab6359cc|16.49|https://i.ebayimg.com/images/g/u3IAAeSwSZxqGLAR/s-l1600.jpg
196|bcd65a9b-6384-48f5-95b5-dc1e194cf8ed|18.99|https://i.ebayimg.com/images/g/ZQoAAeSwpx9qU54b/s-l1600.jpg
197|e9bdf5df-6f5c-4f48-95fa-b8c007a56704|94.99|https://i.ebayimg.com/images/g/c2cAAeSwPw9p9hoq/s-l1600.jpg
198|51868ad4-46e8-4572-a40b-8e333b53083d|28.7|https://i.ebayimg.com/images/g/HV8AAeSwsI5qIDy8/s-l1600.jpg
199|f8813704-afdd-43eb-86ca-e8b906e6136c|299.99|https://i.ebayimg.com/images/g/waUAAeSwnxZp88bA/s-l1600.jpg
200|bd94b6b3-6aca-4673-94ba-bb3db223c445|129|https://i.ebayimg.com/images/g/HgEAAeSwSwhqWSu3/s-l1600.jpg
202|e1bdea1f-7495-4bc5-883f-07a52585146c|140|https://i.ebayimg.com/images/g/yTEAAeSwgglqJbK-/s-l1600.jpg
203|e039edda-505a-485f-9296-ee23392193ab|409|https://i.ebayimg.com/images/g/pA8AAeSwYhhpwErH/s-l1600.jpg
204|218d892b-c1c0-4a8b-af44-bf383592e83b|7.5|https://i.ebayimg.com/images/g/wYQAAeSwTatqnF6u/s-l1600.jpg
205|ababbe40-77e5-4f88-92c6-33d530f69ae0|16.1|https://i.ebayimg.com/images/g/~rIAAeSwiY5p9i5L/s-l1600.jpg
206|795de569-0b26-4f2e-b516-ec1f8dfb12a0|8.08|https://i.ebayimg.com/images/g/XpgAAeSwOetpkimw/s-l1600.jpg
207|9d65c478-b3a3-4535-9952-fe8c64dd22a5|13.25|https://i.ebayimg.com/images/g/fKgAAeSwHjBqGEsv/s-l1600.jpg
209|4086048f-9eee-4281-8f08-7bf6a5913f6c|57|https://i.ebayimg.com/images/g/QYIAAeSw24RqU5qx/s-l1600.jpg
210|19fead71-b5f6-4f5f-9be9-e547b3279a25|55|null
211|b8573145-afdc-4c85-897c-2868068527c3|16.8|https://i.ebayimg.com/images/g/28IAAeSwwilqAOv4/s-l1600.jpg
212|51a542d7-a7bd-45b6-a5af-f1483633c0ae|16.8|https://i.ebayimg.com/images/g/GUgAAeSwC1ZqAOZo/s-l1600.jpg
215|48debdac-adae-474b-8a2f-7ac444551e70|15|https://i.ebayimg.com/images/g/VfIAAeSwsFZqZ98i/s-l1600.jpg
216|ece2788e-4b74-411c-92e6-56895d3c52da|34|https://i.ebayimg.com/images/g/2UoAAeSwvFJqiInx/s-l1600.jpg
217|85645a48-a18e-4cb9-a018-84a022b91fcb|36|https://i.ebayimg.com/images/g/ZAEAAeSwGfdpWXcJ/s-l1600.jpg
218|13c61071-3840-47d7-8f16-d3517d193604|9.35|https://i.ebayimg.com/images/g/vBgAAeSwBsFqNFu3/s-l1600.jpg
219|2a381293-ae6e-4029-b4b4-056d0ce8be42|10.52|https://i.ebayimg.com/images/g/tr8AAOSwYc5ngWS~/s-l1600.jpg
220|77ea209d-1e7d-404c-8268-20b0a9609eab|12.6|https://i.ebayimg.com/images/g/4m4AAeSw~WhqEy3s/s-l1600.jpg
221|df5bd1ee-97ed-4435-9caf-1c6e1ce5e5a9|69.99|https://i.ebayimg.com/images/g/EvMAAeSwdkBqEyzJ/s-l1600.jpg
222|9a401987-ec8b-4e9f-8d95-79c781180eac|6.17|https://i.ebayimg.com/images/g/qRIAAeSw30VpNdsr/s-l1600.jpg
223|91eeb3e7-c554-4cca-b73d-0cfb28c67bf8|15.4|https://i.ebayimg.com/images/g/KlQAAeSwIh1nuRkw/s-l1600.jpg
225|be33c935-1201-4cb3-9aee-2850d4499acd|10.99|https://i.ebayimg.com/images/g/x0MAAeSwjCJp7p-O/s-l1600.jpg
226|6526ab00-685a-4b4e-9111-83d82554920a|29|https://i.ebayimg.com/images/g/NN8AAeSw0Kxqfec3/s-l1600.jpg
227|f06fb1d6-41cc-454b-ae45-55ff070c151d|28|https://i.ebayimg.com/images/g/eqMAAeSwM~Rp35RE/s-l1600.jpg
228|cb35710e-aeac-406b-88f8-058ba564edae|25.65|https://i.ebayimg.com/images/g/nIIAAeSwBVZqKgEd/s-l1600.jpg
229|e8a1f847-004a-4a28-ade2-01b3bb2344da|69|https://i.ebayimg.com/images/g/AGsAAeSw0-1qMzcZ/s-l1600.jpg
232|64007dee-e14d-4871-a7f2-5fcd19d15d56|37|https://i.ebayimg.com/images/g/jg8AAeSwBDppsxg2/s-l1600.jpg
233|6d2f3047-ecb1-4cdf-b957-cfd00dbde6ba|130|https://i.ebayimg.com/images/g/ZHMAAeSwi0Vp2Er6/s-l1600.jpg
235|458b9679-851c-425f-bacb-edce2e2a77ec|5.6|https://i.ebayimg.com/images/g/EU4AAeSwiz1pDqMu/s-l1600.jpg
237|f000668a-d925-43bd-9f21-2ccba8eccff4|63|https://i.ebayimg.com/images/g/MQ0AAeSw8TRpvDNE/s-l1600.jpg
238|516df41f-e0d7-40dc-83b0-bc67921510eb|10|https://i.ebayimg.com/images/g/UKwAAeSwjVFpd7S7/s-l1600.jpg
239|cc93e3e7-1d3a-49f7-9de2-d57236bcb947|9|https://i.ebayimg.com/images/g/1ycAAeSwHOFpXE8G/s-l1600.jpg
240|f9660508-1e2b-4611-a154-f5f06658799d|19|https://i.ebayimg.com/images/g/wAIAAeSw-3lphq0E/s-l1600.jpg
241|b6c92adf-dee0-409a-859b-f69931ec9f39|9|https://i.ebayimg.com/images/g/PK8AAOSw5x9nfXlU/s-l1600.jpg
242|37eba474-899a-4b18-b385-4e08d6a860b2|99|https://i.ebayimg.com/images/g/PuwAAeSwcOtoPPgJ/s-l1600.jpg
243|c068be81-a079-4185-aef1-8cfd69f0610f|70|https://i.ebayimg.com/images/g/PxIAAeSwdwtpGjIZ/s-l1600.jpg
244|48f500d6-967d-4d4a-91ec-5876c46b4a2d|12.35|https://i.ebayimg.com/images/g/aL8AAeSwkxNp5-iB/s-l1600.jpg
246|031de1f2-db0e-48ff-9a8d-05d952323b5f|21|https://i.ebayimg.com/images/g/QZAAAeSwwRFp~eie/s-l1600.jpg
247|981136bd-b907-48ef-af3f-0fd0a2642190|22.92|https://i.ebayimg.com/images/g/5zQAAeSwSsJpteHK/s-l1600.jpg
249|fa2f6829-a2fa-4fc3-a16a-2d42f8cbdd27|67|https://i.ebayimg.com/images/g/z5gAAeSw-ctpRgPw/s-l1600.jpg
250|2b326f0d-f2d6-446d-a616-6559e4aae143|8.99|https://i.ebayimg.com/images/g/dtYAAeSwBP1qPu3z/s-l1600.jpg
251|3c475a53-6d6d-4d90-9dcc-c65bc2329191|42|https://i.ebayimg.com/images/g/Pe4AAeSwd2xp~e6l/s-l1600.jpg
253|c33386a7-bd57-4ea3-b61f-e87d1facf600|17|https://i.ebayimg.com/images/g/4qoAAeSwhd9pe62G/s-l1600.jpg
254|85fb4226-2efc-41b8-8915-681e9769d38f|50|https://i.ebayimg.com/images/g/q9kAAeSw591pwEUd/s-l1600.jpg
255|c96933bc-2a61-4138-bc63-fc25045f1cae|85.5|https://i.ebayimg.com/images/g/rsMAAeSwmgBpyAIH/s-l1600.jpg
256|f4bd6428-2dcc-4d5c-96ee-c8c2659bbac5|18|https://i.ebayimg.com/images/g/RF8AAeSw3ZppSId~/s-l1600.jpg
258|81e1ed14-3cca-4a39-98a2-4b5b203bfc42|15.99|https://i.ebayimg.com/images/g/tWcAAeSwDwJpq4hU/s-l1600.jpg
259|776048a0-a4b1-453d-985b-345782c23f07|23|https://i.ebayimg.com/images/g/MGIAAeSwAVNns6ay/s-l1600.jpg
260|0406b20e-f562-408b-bd49-902c1b1a13ae|20|https://i.ebayimg.com/images/g/uVMAAeSwRNxo~rEu/s-l1600.jpg
261|d7ab6e38-1828-4bfb-b93f-822861f13b87|17|https://i.ebayimg.com/images/g/EFMAAeSwmkxqXp0f/s-l1600.jpg
262|2b3d697e-8859-442d-b880-b9cfd2a08e23|33.99|https://i.ebayimg.com/images/g/9jMAAeSwjF1qUnoc/s-l1600.jpg
263|b9fd26b2-c476-42b9-85c3-51a7f214de2e|11|https://i.ebayimg.com/images/g/gVcAAeSwPu1pgAvC/s-l1600.jpg
264|7d34e523-4865-4b79-8d7d-80977d0d5793|18.5|https://i.ebayimg.com/images/g/qf4AAeSwu-dqBmaE/s-l1600.jpg
266|18ebf346-400c-4403-9517-d45edc82b79d|71.76|https://i.ebayimg.com/images/g/~YIAAeSwctZp7n0A/s-l1600.jpg
267|4c230299-24fc-4a20-8091-140b4d099b3b|4.14|https://i.ebayimg.com/images/g/mxwAAeSwuldomTIK/s-l1600.jpg
270|75b4139a-1ce9-445f-ab36-f8e56f260f0a|360|https://i.ebayimg.com/images/g/dGQAAeSwCy1p-fIc/s-l1600.jpg
273|723477fe-ebc7-4178-9e61-515bad1c3d14|22|https://i.ebayimg.com/images/g/b9EAAeSwQdhp83xU/s-l1600.jpg
274|ae6181f5-f249-499e-8c8b-ef6bdfd859a5|20|https://i.ebayimg.com/images/g/5lIAAeSw0F5p6ASH/s-l1600.jpg
276|abe4e038-a82c-4695-918b-670b78a02cb1|19.95|https://i.ebayimg.com/images/g/XDAAAOSwvuRni9we/s-l1600.jpg
277|32c358ec-937f-4253-b0b7-f16a12b33fb0|10.99|https://i.ebayimg.com/images/g/4RwAAeSwpB1qC3hZ/s-l1600.jpg
278|f659855d-e87f-4b8f-a9d1-d6c13f87f1b1|29|https://i.ebayimg.com/images/g/igEAAeSw~J9pi9p7/s-l1600.jpg
279|8529c0ae-aa8f-4b5b-a0e4-e9b4fdf5b5c3|27.29|https://i.ebayimg.com/images/g/EsoAAeSwGwtpzbWx/s-l1600.jpg
280|bc1731e2-fe89-4697-a010-21431bc1a803|2.99|https://i.ebayimg.com/images/g/BFQAAeSwILhp6ljW/s-l1600.jpg
283|e039edda-505a-485f-9296-ee23392193ab|409|https://i.ebayimg.com/images/g/pA8AAeSwYhhpwErH/s-l1600.jpg
285|baefb98e-2df6-4acb-a4a2-0033317c4576|9.5|https://i.ebayimg.com/images/g/cAUAAeSw--9p5~sL/s-l1600.jpg
286|03df7bdc-516f-4670-9c22-73c5a5ebfa6a|11.9|https://i.ebayimg.com/images/g/xRAAAeSwCB9p87tT/s-l1600.jpg
287|b3b0b9cc-0967-4368-8798-427ed63eadc5|18.2|https://i.ebayimg.com/images/g/8HcAAeSwhIJp7pW6/s-l1600.jpg
288|428c3eb9-fe9a-47c6-bc87-0534b5db62ff|12.5|https://i.ebayimg.com/images/g/65EAAeSwhIJp7pA0/s-l1600.jpg
289|ebd188e4-0a22-4730-8483-fdcb38eb2062|4.14|https://i.ebayimg.com/images/g/vG8AAeSwp8JoYFJg/s-l1600.jpg
290|0cb7d21f-0f86-4f1d-81da-73cae5a6c074|11|https://i.ebayimg.com/images/g/4CYAAeSwL8lqgJbV/s-l1600.jpg
293|69a5fe0f-4da1-45c0-8741-6d6aafe6032c|23|https://i.ebayimg.com/images/g/wikAAeSwI6FppOuz/s-l1600.jpg
294|d3bf79f0-d246-4159-a436-4d250772b393|159|https://i.ebayimg.com/images/g/UQQAAeSwtLJpCUnZ/s-l1600.jpg
295|bca36883-f800-4637-81da-2ba4133fb927|12|https://i.ebayimg.com/images/g/En4AAeSwbkZpDp0u/s-l1600.jpg
296|6340fecd-e33b-496d-87ab-92886d409d02|52.25|https://i.ebayimg.com/images/g/~40AAeSwItloetS7/s-l1600.jpg
297|a41d2687-c6f6-498b-b5a9-de03709f5b77|41|https://i.ebayimg.com/images/g/SZgAAeSwjC9oAAvW/s-l1600.jpg
298|a088e52f-f715-4ea4-abe5-2f8f487589d0|23.1|https://i.ebayimg.com/images/g/NB8AAeSw9fxo0Y9F/s-l1600.jpg
299|0406b20e-f562-408b-bd49-902c1b1a13ae|20|https://i.ebayimg.com/images/g/uVMAAeSwRNxo~rEu/s-l1600.jpg
300|0df81f3a-bdd1-4bdc-8a63-508255b862eb|9.79|https://i.ebayimg.com/images/g/URsAAeSwPXZpWGiU/s-l1600.jpg
301|0df81f3a-bdd1-4bdc-8a63-508255b862eb|9.79|https://i.ebayimg.com/images/g/URsAAeSwPXZpWGiU/s-l1600.jpg
302|f2d173e2-cde9-4069-b4cd-cc7050f5a52c|28.99|https://i.ebayimg.com/images/g/W7oAAeSwAyNqCx~Z/s-l1600.jpg
303|c3f0162e-4ff7-4ec1-bfbc-a261f8a5c0d7|14|https://i.ebayimg.com/images/g/HQoAAeSweUZqFkpb/s-l1600.jpg
305|fe37d599-f711-4162-a7dd-5f128724f90b|19.58|https://i.ebayimg.com/images/g/jxEAAeSwUGdoZ8F5/s-l1600.jpg
306|6e9fbd8f-63f0-49f0-82c3-693464226c71|30|https://i.ebayimg.com/images/g/PHsAAeSww8FpqL4K/s-l1600.jpg
307|043edd50-819d-4f25-acb4-84a1e953f24c|25|https://i.ebayimg.com/images/g/sxgAAeSwRohp5~UT/s-l1600.jpg
308|be33c935-1201-4cb3-9aee-2850d4499acd|10.99|https://i.ebayimg.com/images/g/x0MAAeSwjCJp7p-O/s-l1600.jpg
309|980122b8-75cc-468c-ac89-14ee16f4b0a2|23.8|https://i.ebayimg.com/images/g/1CoAAeSwLUpp9jDR/s-l1600.jpg
310|e7e57b43-884c-40e0-992b-613c04edcaa9|40|https://i.ebayimg.com/images/g/9CkAAeSwKnpp3TYx/s-l1600.jpg
311|f06fb1d6-41cc-454b-ae45-55ff070c151d|28|https://i.ebayimg.com/images/g/eqMAAeSwM~Rp35RE/s-l1600.jpg
313|ecdd76ac-556c-4cbf-8b84-d24f48127952|23.46|https://i.ebayimg.com/images/g/5DsAAOSw6P1nno50/s-l1600.jpg
314|c92aea63-c6a5-439c-b7c7-271c7a5040f9|15|https://i.ebayimg.com/images/g/3J4AAeSww-hoTbjd/s-l1600.jpg
316|2a381293-ae6e-4029-b4b4-056d0ce8be42|10.52|https://i.ebayimg.com/images/g/tr8AAOSwYc5ngWS~/s-l1600.jpg
317|d69ea7c8-ba21-44c3-a25a-fa3a05f2f7ba|7|https://i.ebayimg.com/images/g/tBgAAeSwXA1pYC2c/s-l1600.jpg
318|a0f8f5e2-560b-48c5-96e5-6493fe812c52|5.99|https://i.ebayimg.com/images/g/rxkAAeSwXeFqnFrl/s-l1600.jpg
319|3425a30d-c419-4c9f-8731-84ba4ec5e306|6.01|https://i.ebayimg.com/images/g/9DYAAeSwRGVpWGgh/s-l1600.jpg
321|18e3fca6-2c2b-4cf9-8cf7-fb2f1b28c536|21|https://i.ebayimg.com/images/g/ng0AAeSwn75qBLe7/s-l1600.jpg
323|1518df8a-612d-4d65-9a5b-2516f1dfc93f|23|https://i.ebayimg.com/images/g/QjEAAeSwtLJpDk0n/s-l1600.jpg
324|9d374e31-d2eb-49db-a795-a4e2dc591225|16.8|https://i.ebayimg.com/images/g/GGoAAeSwO6VqFkV1/s-l1600.jpg
326|c3d1f9b1-2e52-4ca6-b1f5-3efedd14da02|18.99|https://i.ebayimg.com/images/g/yTQAAeSwxtpqQmj1/s-l1600.jpg
327|3f13e5c8-d6c7-4287-a011-37bb17c78ea3|28.9|https://i.ebayimg.com/images/g/MPoAAeSw7T5p4O5G/s-l1600.jpg
329|a50b0915-e575-48a2-a1ee-a768e4af58ab|39|https://i.ebayimg.com/images/g/x4cAAeSwYaxqY9Qf/s-l1600.jpg
330|c3630afd-6911-4f27-a19c-2f4690628b79|57|https://i.ebayimg.com/images/g/91cAAeSwh0Nqbgcc/s-l1600.jpg
331|d7bb70ab-e5fd-4899-9fc4-1448f208e131|34|https://i.ebayimg.com/images/g/2BkAAeSwtWFqbgnI/s-l1600.jpg
332|0c336dc7-eafe-447a-b4dd-ada1653298b2|29.99|https://i.ebayimg.com/images/g/vngAAeSw65BqbT16/s-l1600.jpg
334|ac4d4fc1-642a-4b81-b554-8cc524dd7d19|9|null
335|bc90d0be-67fa-4921-a0fb-71ef21629556|40|https://i.ebayimg.com/images/g/sNYAAeSw-ABqZ9wU/s-l1600.jpg
336|51c43211-9159-483a-8224-b2f9e7d9759f|8|https://i.ebayimg.com/images/g/FQEAAeSwOKhqZ7Nw/s-l1600.jpg
337|09de3c53-9107-40db-9477-be655a0bc396|20|https://i.ebayimg.com/images/g/xRcAAeSwW3hqZ7sW/s-l1600.jpg
338|1ed21d07-4898-42b8-91ff-2e33f623aba5|16.99|https://i.ebayimg.com/images/g/3MsAAeSwvM9qY~yG/s-l1600.jpg
339|3cc36973-6ca9-43ab-a297-a4388514dbc8|42|https://i.ebayimg.com/images/g/hVMAAeSwxUxqY-kT/s-l1600.jpg
341|fa41095e-a17b-471f-93cd-8ee7a45c072a|150|https://i.ebayimg.com/images/g/znoAAeSwydZqaXkI/s-l1600.jpg
343|d01ab699-bd03-43a7-9d20-ddfb27e6b5cc|25|https://i.ebayimg.com/images/g/vZgAAeSwt5BqLv49/s-l1600.jpg
344|41b02f0a-a9f0-427a-adf7-2b692767f460|33.25|https://i.ebayimg.com/images/g/k5QAAeSwLGtpDlRT/s-l1600.jpg
345|2aa1f8f7-29a0-4d34-9ee5-5c1259f6c769|9.99|https://i.ebayimg.com/images/g/l0wAAeSwPZZqLvev/s-l1600.jpg
346|fa243543-f656-45d6-94e1-32c073d3a758|33.12|https://i.ebayimg.com/images/g/zM8AAOSwmplno8b9/s-l1600.jpg
347|c3f0162e-4ff7-4ec1-bfbc-a261f8a5c0d7|14|https://i.ebayimg.com/images/g/HQoAAeSweUZqFkpb/s-l1600.jpg
349|4872d06d-6ecd-4e24-aba9-d13aa470b477|9|https://i.ebayimg.com/images/g/N1kAAeSwF5Zoxx8X/s-l1600.jpg
350|dea46f01-443a-429f-ae7f-54b85b5abf1f|32|https://i.ebayimg.com/images/g/0roAAeSwBxloKP48/s-l1600.jpg
351|25d1f0dd-5fe0-42eb-a184-35ce4fefcef9|23|https://i.ebayimg.com/images/g/HusAAeSwzTtoo8Eg/s-l1600.jpg
352|c3b5f73f-4a47-4765-8bf4-de4ed3ddbed4|90|https://i.ebayimg.com/images/g/WYAAAeSwUKRqbLeJ/s-l1600.jpg
353|d5485d56-02e0-47f0-b200-9e5b45390296|45.5|https://i.ebayimg.com/images/g/9hEAAeSwLwhpc83f/s-l1600.jpg
354|a28fd93f-6259-4f48-aa86-96b0196df4f0|17.8|https://i.ebayimg.com/images/g/tI0AAeSwpFJpipq-/s-l1600.jpg
355|b9fd26b2-c476-42b9-85c3-51a7f214de2e|11|https://i.ebayimg.com/images/g/gVcAAeSwPu1pgAvC/s-l1600.jpg
357|9d65c478-b3a3-4535-9952-fe8c64dd22a5|13.25|https://i.ebayimg.com/images/g/fKgAAeSwHjBqGEsv/s-l1600.jpg
358|5cb4deea-9faa-4118-b983-b57ee211cc34|33.25|https://i.ebayimg.com/images/g/254AAeSwBP5pxxvK/s-l1600.jpg
360|25037eab-67ce-4770-bd5d-7326fd4d17c3|15|https://i.ebayimg.com/images/g/ON8AAeSwB9lpNx6I/s-l1600.jpg
361|fe9c46f2-cd80-4dcc-98d8-e92fff31843c|33.01|https://i.ebayimg.com/images/g/1hcAAeSwZDpqLwCK/s-l1600.jpg
362|35cb4f9f-0dfa-43e7-b9d1-83ed83d9c6d0|6|https://i.ebayimg.com/images/g/mm4AAeSw37VqC3TC/s-l1600.jpg
363|bdd51a6b-c362-4a8d-9ba3-07dbcf89270c|8.73|https://i.ebayimg.com/images/g/UOAAAeSwUzJpWpZM/s-l1600.jpg
364|9a9893a7-800e-451f-89cd-54f8d93f596e|62|https://i.ebayimg.com/images/g/sKwAAeSwqwJqJEHi/s-l1600.jpg
365|cb35710e-aeac-406b-88f8-058ba564edae|25.65|https://i.ebayimg.com/images/g/nIIAAeSwBVZqKgEd/s-l1600.jpg
366|5e7f1ce2-d4db-456a-92c2-14aeddb17dab|23.99|https://i.ebayimg.com/images/g/5L0AAeSwZZBp-1~i/s-l1600.jpg
367|316217ad-5f9b-4b13-af2a-14b3ebe31174|17.43|https://i.ebayimg.com/images/g/H9AAAeSwFcFqLw0j/s-l1600.jpg
368|0ac69dd8-7cc7-42b1-b1e2-6e59f11b0d22|46.55|https://i.ebayimg.com/images/g/Wd0AAeSwPS5pF9Qa/s-l1600.jpg
369|cf45a6a7-9299-4a7d-99e0-94b044a8996e|10.99|https://i.ebayimg.com/images/g/A8QAAeSw74tqKq7v/s-l1600.jpg
370|c5df1710-f3b9-4b25-adda-49ea964b909b|71|https://i.ebayimg.com/images/g/Fb4AAeSw-qlqnc3N/s-l1600.jpg
371|59f11c3e-3cc0-46eb-8c41-23a191248d3d|34.3|https://i.ebayimg.com/images/g/3pEAAeSwHQBp~d~h/s-l1600.jpg
372|e4246479-afc8-4f81-9e08-b6949a25c116|9.8|https://i.ebayimg.com/images/g/IZIAAeSwmvtp7pK9/s-l1600.jpg
373|18c9e060-1f6d-42ae-b630-713021ccdae1|40|https://i.ebayimg.com/images/g/mPIAAeSwt81qLtcG/s-l1600.jpg
374|f9660508-1e2b-4611-a154-f5f06658799d|19|https://i.ebayimg.com/images/g/wAIAAeSw-3lphq0E/s-l1600.jpg
375|216fea25-017a-4ed3-9584-e11496e383e6|12.59|https://i.ebayimg.com/images/g/KHEAAeSw6JVqZ7RB/s-l1600.jpg
379|328370cb-58e3-4081-b903-96944f27f398|26|https://i.ebayimg.com/images/g/5LgAAeSwEbBqY9F7/s-l1600.jpg
380|eac9ae87-3fb4-45b1-8498-f781b6bdddc8|45|null
381|a50b0915-e575-48a2-a1ee-a768e4af58ab|39|https://i.ebayimg.com/images/g/x4cAAeSwYaxqY9Qf/s-l1600.jpg
383|db5dbdd3-38b4-4b1d-af15-b9a66ac246cd|21.84|https://i.ebayimg.com/images/g/DTcAAeSwK8xqXoeE/s-l1600.jpg
385|20be5af9-beac-426e-a90c-430f227a206e|14|https://i.ebayimg.com/images/g/EX0AAeSwHg9qX7dY/s-l1600.jpg
386|ecd00241-9c6a-45d6-8b03-e9b472d530af|2|https://i.ebayimg.com/images/g/bqEAAeSwxLNqX7o2/s-l1600.jpg
387|b068694b-c282-42cf-9513-a1337c90aefa|5.55|https://i.ebayimg.com/images/g/68sAAeSwrndqYTGM/s-l1600.jpg
388|45232ad9-e75d-424d-be78-5242a2609702|8.5|https://i.ebayimg.com/images/g/S6EAAeSw-ABqX995/s-l1600.jpg
390|a39b27b2-0fd6-4b4f-ac42-b196eb203fae|14.99|https://i.ebayimg.com/images/g/Q2UAAeSwsHRqW5pX/s-l1600.jpg
391|bd94b6b3-6aca-4673-94ba-bb3db223c445|129|https://i.ebayimg.com/images/g/HgEAAeSwSwhqWSu3/s-l1600.jpg
392|90a78410-732d-42ba-a8f8-c32146817328|32|https://i.ebayimg.com/images/g/XWsAAeSwnlJqBnXr/s-l1600.jpg
393|2b782110-e38f-4207-ba90-2e7befcb0f0b|28|https://i.ebayimg.com/images/g/O0oAAeSwGUZoxXdv/s-l1600.jpg
395|b44844af-276f-4976-b4d1-93c0705fbb4e|59.5|https://i.ebayimg.com/images/g/DKYAAeSwJbJperf6/s-l1600.jpg
396|7c4e39c6-cd3c-4b20-8948-7e52deee8339|4.99|https://i.ebayimg.com/images/g/aQMAAeSw7x5paqmS/s-l1600.jpg
397|3b42e891-360a-4912-b615-710c15b107f2|9.66|https://i.ebayimg.com/images/g/WgAAAeSwRhpoqNfE/s-l1600.jpg
398|9992c18b-da75-490e-a3cd-881a8b8a0c26|50|https://i.ebayimg.com/images/g/g7YAAeSwmnZpSGK3/s-l1600.jpg
399|2b2f94f7-fedc-4da2-8810-058bfa172986|13.57|https://i.ebayimg.com/images/g/67kAAeSwZfBpd7M8/s-l1600.jpg
