2|529e3c30-70e0-41f1-a41e-8c82f379e597|199.99|https://i.ebayimg.com/images/g/r3wAAeSwLTtpzk6L/s-l1600.jpg
21|0bfe6d31-2c2f-40d6-b16e-e14706149862|80|https://i.ebayimg.com/images/g/BQ0AAeSwZlhookz5/s-l1600.jpg
24|95a1818b-e96a-4d3b-a839-6e6b446150c4|124|https://i.ebayimg.com/images/g/fpcAAeSwvb1p7gPy/s-l1600.jpg
41|eb504212-297f-4deb-b51f-6d2cdf6a5e4a|4.8|https://i.ebayimg.com/images/g/9FMAAeSwf6loYFWZ/s-l1600.jpg
59|32242922-26c5-425d-bab8-2098dd96e333|10|https://i.ebayimg.com/images/g/umAAAeSw8rhqkDtM/s-l1600.jpg
65|4596b950-dc90-4c0a-a799-ae44543e8f7f|21|https://i.ebayimg.com/images/g/Dn4AAeSwks5qoYPN/s-l1600.jpg
94|84e353c5-7493-49e4-afa8-2358204d0d94|19|https://i.ebayimg.com/images/g/mj0AAeSwBhJowHjF/s-l1600.jpg
106|1ed21d07-4898-42b8-91ff-2e33f623aba5|16.99|https://i.ebayimg.com/images/g/3MsAAeSwvM9qY~yG/s-l1600.jpg
121|1a71c425-c888-484f-bf76-86d6091035da|21|https://i.ebayimg.com/images/g/veIAAeSwhhhpzbE3/s-l1600.jpg
128|41b02f0a-a9f0-427a-adf7-2b692767f460|33.25|https://i.ebayimg.com/images/g/k5QAAeSwLGtpDlRT/s-l1600.jpg
132|eeadfb86-e06e-4f79-a57b-3a8d90cbc9d5|16.8|https://i.ebayimg.com/images/g/0XsAAeSwIMFo1Cz-/s-l1600.jpg
141|5a2e96f9-bdfa-4f1a-8618-89e64e7451d3|65|https://i.ebayimg.com/images/g/ekEAAeSwcyxpO42-/s-l1600.jpg
142|f19bf5ae-a002-4b3c-ab08-0a51cfc257c1|8.6|https://i.ebayimg.com/images/g/zQsAAeSwo4NqUjjF/s-l1600.jpg
161|a6318121-4d89-4487-b006-a91d752bab5e|35|https://i.ebayimg.com/images/g/39oAAeSwkzVpWW3s/s-l1600.jpg
162|de8e8a1d-982f-43c2-8d2b-f852205dfd17|53|https://i.ebayimg.com/images/g/GIwAAeSwrYpo~30Z/s-l1600.jpg
171|920b870a-0d9c-46a2-82dd-cb79c4b03b19|499.99|https://i.ebayimg.com/images/g/66EAAeSwNNRpCUgX/s-l1600.jpg
179|d69ea7c8-ba21-44c3-a25a-fa3a05f2f7ba|7|https://i.ebayimg.com/images/g/tBgAAeSwXA1pYC2c/s-l1600.jpg
181|c57f7f3e-58ef-49a1-9369-e9787bc14c68|36|https://i.ebayimg.com/images/g/aswAAeSwGYJp~elx/s-l1600.jpg
188|480a9f39-ab0f-4678-af06-28c68757e374|25.9|https://i.ebayimg.com/images/g/MbQAAeSwsj1p-2Ns/s-l1600.jpg
189|1dce3ecf-e33a-40ff-8099-7edd8b442349|8|https://i.ebayimg.com/images/g/KrgAAeSwZB9qUjnT/s-l1600.jpg
231|bdb2ad32-d913-48bd-8c90-9c016c6538f4|139.99|https://i.ebayimg.com/images/g/bB8AAeSwJbJpgoKH/s-l1600.jpg
234|51868ad4-46e8-4572-a40b-8e333b53083d|28.7|https://i.ebayimg.com/images/g/HV8AAeSwsI5qIDy8/s-l1600.jpg
245|7f504aec-5582-4adc-8ca6-d20fad87500b|11.2|https://i.ebayimg.com/images/g/Yy0AAeSw7WZpg~zK/s-l1600.jpg
257|84e353c5-7493-49e4-afa8-2358204d0d94|19|https://i.ebayimg.com/images/g/mj0AAeSwBhJowHjF/s-l1600.jpg
265|d69ea7c8-ba21-44c3-a25a-fa3a05f2f7ba|7|https://i.ebayimg.com/images/g/tBgAAeSwXA1pYC2c/s-l1600.jpg
271|dd5395e0-67a5-459b-bd8f-be3259cdd862|2|https://i.ebayimg.com/images/g/BVMAAeSwN~dqRXcb/s-l1600.jpg
281|de8e8a1d-982f-43c2-8d2b-f852205dfd17|53|https://i.ebayimg.com/images/g/GIwAAeSwrYpo~30Z/s-l1600.jpg
282|75d7d5ab-5889-44a1-8513-833135d4c5ff|25.65|https://i.ebayimg.com/images/g/W30AAeSwF69pDk~A/s-l1600.jpg
284|c2ed75f9-1fb4-4629-889f-e064062fe5f9|26.25|https://i.ebayimg.com/images/g/qEEAAeSwDrNpGPdO/s-l1600.jpg
292|fc333d9e-67ce-4fc4-956c-88d29ca526e4|15|https://i.ebayimg.com/images/g/4xkAAeSwxhdqY~nT/s-l1600.jpg
312|5aa1d946-e161-4b7d-b55a-4c58f8cc7fe8|2599.99|https://i.ebayimg.com/images/g/w-wAAeSwvOhqGjrq/s-l1600.jpg
325|75d7d5ab-5889-44a1-8513-833135d4c5ff|25.65|https://i.ebayimg.com/images/g/W30AAeSwF69pDk~A/s-l1600.jpg
333|07df3c94-14b6-45f3-9b1b-4bccd70ed76b|11.26|https://i.ebayimg.com/images/g/AY4AAeSwag5qOGl~/s-l1600.jpg
348|c96933bc-2a61-4138-bc63-fc25045f1cae|85.5|https://i.ebayimg.com/images/g/rsMAAeSwmgBpyAIH/s-l1600.jpg
359|1935074f-c05d-4caf-b686-e1fb6fe50940|5.29|https://i.ebayimg.com/images/g/S48AAeSwJhZqnGM-/s-l1600.jpg
394|1d0f1a8d-9ab4-4b2a-ba7f-906626c088d0|13|https://i.ebayimg.com/images/g/RlQAAeSwtM5o3GBW/s-l1600.jpg