idx,title_fr
2,"LEGO DREAMZzz 71495 Mateo vs. Cyber Brain Mech"
6,"Manteau imperméable coupe froid Ripzone JUNIOR size Large noir"
7,"Manteau bomber à capuchon Hollister marine – Grand (L) avec capuche détachable en fausse fourrure"
8,"Habit de neige Deux par Deux fille (grandeur 5) 110 cm – Licorne noir, capuchon lilas"
9,"Max & Co. Cocos Veste Utility Beige Femme Taille M Veste à Cordon Ajustable"
10,"Veste utilitaire à capuchon Hollister vert olive – Taille Small Femme (P)"
11,"Lot de 2 rideaux blanc 62 x 28"
12,"Lot 10 contes illustrés Auzou – Cendrillon, Peter Pan boucle d’or Pinocchio le chat boté etc"
14,"Comment être top papa – livre cartonné"
15,"Gros lot de livres et de magazines jeunesse en français"
16,"Livre Flash 8 & ActionScript 2 – français"
21,"Lot de 2 poupées Rainbow High – Rainbow Shimmers Violet + Airbrush Create NIB Neuf"
24,"Barbie Flambant Neuve - Mysteries Beach Detectives Barbie Malibu avec accessoires"
29,"Lot de cartes de Football NFL ~200 +- Panini Illusions Score Rising Stars Hurts Herbert Chubb RC"
32,"Diecast Remorqueuse avec son et lumière"
33,"Tracteur Barbie avec Remorque et Poupée Incluse"
39,"Paire de sabots en bois sculptés vintage (souvenir)"
41,"Vintage Canadian National & Union Pacific Model Train Lot with Tracks and Accessories"
59,"Souliers Primus Rose Gris Noir Taille 4 + Sketchers Rose Noir"
60,"Souliers sketchers enfant taille 3 rose et noir"
65,"Royale High School Spirit Fashion Pack Cheerleader Jazwares - AVEC Code Promo Roblox"
70,"GPS Garmin Fonctionnel avec étuit et fil de recharge pour automobile"
90,"Robinet Cuisine Moen Pull-Out avec Adaptateur Anti-Fuite Tête Spray et Boyau"
93,"Vintage marteau à panne fendue “Forged” – Manche en bois – Bon état fonctionnel"
94,"Simonds Iroquois Simaloy Hand Saw Scie à Main Vintage avec manche en bois"
95,"Vintage Steelmaster Classeur métallique 2 tiroirs – 17.5 x 16 x 5 1/4"
97,"pommeau de douche chromé avec tuyau avec braquette installation"
106,"Voiture KinSmart - 1:36 Scale Model Toyota GR Supra Racing Concept White (BBKT5421DW)"
110,"Soulier sneakers pour fille grandeur 9 rose fleural de marque Yellow"
119,"Ouvre-porte de garage à chaîne Linear LD050 1/2 HP"
121,"Maisto 1/18 1957 Chevrolet Bel Air Convertible Diecast Model"
122,"Vis à Gypse Neuve (4000) - #6 x 1 1/4"" Noir The Hardware by the Pound Screws"
126,"Casque full face moto vtt skidoo"
128,"Vintage Tonka 1991 camion dépanneuse remorqueur towing truck Iguana 24h"
132,"Figurine Hallmark - Ironman"
138,"Conseil : Améliorez la description"
141,"Lots de mini figurine et vaisseaux 2 pouces star wars 2014-2015 AT-AT walker x-wing fighter"
142,"Marchandise Vintage Officielle Bar Honda de Formule 1 Japan 5xPolos, 4xcasquettes, 1xKeychain Neuf"
143,"Planche à laver ancienne en bois avec surface métallique ondulée Fabriquée par McFarlane Mfg Company"
145,"Lot de dinosaures et d’animaux marins quelques figurines Schleich 50+"
158,"Lot d’outils anciens de ferme et forge Maréchal ferrant Début des années 1900"
161,"Vintage Moisturizer / Humidificateur à Timbre Porcelaine – Ideal Moistener, Sengbusch"
162,"Lot de 26 figurines Star Wars 12 pouces avec armes et accessoires / électronique fonctionnel"
168,"Livres Pokémon en français – Ma très grande aventure & Attrapez-les tous! Intéractif + autocollants"
171,"Star Wars figurine Jeremy Bulloch Boba FETT authographié avec certificat d’authenticité"
173,"Ensemble de 4 rideaus moustiquaire pour gazebo (2 gros troues) voir photos"
175,"Raquette Wilson Titanium Smash XS 3 7/8"
179,"Schtroumpfette Meneuse de Claque Vintage 1981 Schleich Peyo PL170 Figurine smurfette"
181,"Lot de 12 figurines vintage années 1980 1990 – Action, sci-fi, militaires et héros"
185,"Lot d’électronique et accessoires audio/vidéo – VTech, Samsung, Apple"
188,"VHS Pape Jean Paul II - documentaire HBO liturgie de la parole pâque et noël - rare"
189,"Vintage Majorette Rally Toyota Corolla voiture de course diecast"
201,"Gondole/présentoir carte de souhaits usagé - slatwall + tubes métal incomplet"
208,"Suntone AM/FM Radio vintage en excellente condition fonctionne à batterie AA"
213,"Puma Tie-Dye Backpack Sac à dos rose noir et blanc filles"
214,"Nike Air Sweat-shirt court à demi-fermeture éclair pour fille — Taille XS"
224,"Lot de 16 VHS vintage en anglais de films classique"
230,"Immense Lot de vêtements homme grandeur Medium / chemise 15 15 1/2"
231,"Cordeau à tracer vintage Strait Line avec fil et plomb – Irwin Auger Bit Co., Wilmington, Ohio, USA,"
234,"Abercrombie & Fitch Chandail Manche Longue Homme - Long Sleeve Shirt Large"
236,"Boite Bijoux ideal pour Cadeau Saint Valentin 💘"
245,"Funko Pop! Albums cover - Rosalita motomani Naked cover art #55"
248,"2 sac pour produits de beauté maquillage skincare Teaology rose - neuf"
252,"Siège appoint auto voiture réhausseur booster pour enfant"
257,"Figurine porcelaine AVON duo d’ours peints à la main Vintage 1980 lovable teddies"
265,"Figurines Vintage Motu 1981 - 1984 au choix prix sur demande"
268,"DVD Blu-Ray à CHOISIR — Coffrets Séries TV, Films envoie possible"
269,"Lot de VHS au choix ou prix pour le lot"
271,"The Lord of the Rings - DVD Le Seigneur des anneaux - multi langues neuf scellés."
272,"Lot d’Outils Vintage – Scie à Main, Tournevis, Aiguille de Maroquinier et Couteau à Manche Bois En"
275,"American Eagles Outfitters Pantalon Jeans pour Femme Olive Distressed super stretch size 6"
281,"Figurines Star Wars au choix – Prix dégressif Plus tu en prends, moins c’est cher ! Bien Lire."
282,"Figurine Vintage Yu-Gi-Oh Kazuki Takahashi Battle Ox 6"" Mattel 1996 Rare"
284,"The sound of Music VHS CBS Fox - Parmis les VHS avec la plus grande valeur"
291,"Veste American Eagles Medium Homme"
292,"Black & Decker Heat N Strip – Décapeur Thermique Vintage Modèle 5790-04 Avec Boîte et Livret - works"
304,"Lot de 42 films VHS vintage en anglais (verifier toutes les photos)"
312,"Jawa Star Wars Grandeur Nature 1:1 – Yeux DEL, Sons Authentiques, Pièce Unique"
315,"Rack tv sans quincaillerie"
320,"Petit sac de transport"
322,"Vtech telephone sans fil avec repondeur"
325,"Lot de Figurines de Sport Vintage, Michael Jordan Shaq Yankees Blue Jays NBA MLB"
328,"Plusieurs saisons séries TV Coffret Dvd"
333,"Lot de 5 Figurines Fantastiques Résine - Sorciers, Dragons, Style Vintage"
340,"Écouteur sans fil 30 heures résistant à l’eau assistant vocal, téléphone, bluetooth microphone neuf"
342,"Sac a dos Jean Paul Gauthier"
348,"Figurine Vintage DC Batman - Banes 1997"
356,"Lot de 2 Peluches Squishmallows Mauve Violet Toutous Doux avec bandeau vert"
359,"Voiture de collection New-Ray Dodge VIPER SRT10 1999 die cast 1:32"
376,"Fauteuil berçant miniature en bois massif fait à la main"
377,"Chauffage céramique oscillant Pelonis (neuf, dans la boîte)"
378,"Chaise miniature en bois avec siège en corde tressée idéal pour maison de poupée jeux ou décoration"
382,"Paire de Masques Balinais Bois Sculpté Main Rama Sita Ramayana Décoration Murale Indonésie"
384,"Gratte-Dos Japonais Vintage en Bois et Bambou Signé – Outil de Massage Traditionnel Post-1940"
389,"Statuette humoristique pompier – Figurine décorative artisanale de collection"
394,"Chandelier antique Bougeoir baroque métal bronze & argenté style classique luxe XVIIe siècle"
400,"Jeux de société Clue Conspiration"
